{"mean_i": -0.0014170539661557129, "mean_q": -0.0031811249923671854, "std_i": 0.5766202853160693, "std_q": 0.575571509175292, "abs_mean": 0.7628751764308926, "abs_std": 0.28601941961342925, "phase_mean": 0.0001803978417664593, "phase_std": 1.8084152591449845, "max_val": 1.410224930161444, "min_val": 0.007067936391369813}